titles,urls,interactions,imgs
LaLiga launches its Amazon store in collaboration with 13 LaLiga Santander clubs,https://www.laliga.com/en-ES/news/laliga-launches-its-amazon-store-in-collaboration-with-13-laliga-santander-clubs,0,https://media.istockphoto.com/vectors/news-vector-id918880270?k=20&m=918880270&s=612x612&w=0&h=bDcgr9jhiRYCPMUhVdLKD5ouIc5daM4qMcaPPapppQI=
Afcon 2021: Nigeria's Yobo questions 'harsh' Iwobi red card against Tunisia,https://www.goal.com/en-ng/news/afcon-2021-nigeria-yobo-questions-harsh-iwobi-red-card/blt3596d887ee7d5a7a,1,https://media.istockphoto.com/vectors/news-vector-id918880270?k=20&m=918880270&s=612x612&w=0&h=bDcgr9jhiRYCPMUhVdLKD5ouIc5daM4qMcaPPapppQI=
Kick-off times for Matchday 22 of LaLiga Santander 2021/22,https://www.laliga.com/en-ES/news/kick-off-times-for-matchday-22-of-laliga-santander-2021-22,0,https://media.istockphoto.com/vectors/news-vector-id918880270?k=20&m=918880270&s=612x612&w=0&h=bDcgr9jhiRYCPMUhVdLKD5ouIc5daM4qMcaPPapppQI=
Taylor: WSL title race not over | 'City are back in the game',https://www.skysports.com/football/news/35730/12524370/man-city-women-manager-gareth-taylor-says-womens-super-league-title-race-is-not-over-after-arsenal-women-draw,0,https://media.istockphoto.com/vectors/news-vector-id918880270?k=20&m=918880270&s=612x612&w=0&h=bDcgr9jhiRYCPMUhVdLKD5ouIc5daM4qMcaPPapppQI=
"Afcon 2021: Guinea vs The Gambia - Kick-off, TV channel, squad news and preview",https://www.goal.com/en-ng/news/afcon-2021-guinea-vs-the-gambia-kick-off-tv-channel-squad/blte03f9f4aae61783a,1,https://media.istockphoto.com/vectors/news-vector-id918880270?k=20&m=918880270&s=612x612&w=0&h=bDcgr9jhiRYCPMUhVdLKD5ouIc5daM4qMcaPPapppQI=
A deadly duo: Vini Jr and Karim Benzema,https://www.laliga.com/en-ES/news/a-deadly-duo-vini-jr-and-karim-benzema,0,https://media.istockphoto.com/vectors/news-vector-id918880270?k=20&m=918880270&s=612x612&w=0&h=bDcgr9jhiRYCPMUhVdLKD5ouIc5daM4qMcaPPapppQI=
McGrath told to focus on St Mirren,https://www.skysports.com/football/news/36621/12524451/jamie-mcgrath-told-to-focus-on-st-mirren-as-transfer-speculation-continues,0,https://media.istockphoto.com/vectors/news-vector-id918880270?k=20&m=918880270&s=612x612&w=0&h=bDcgr9jhiRYCPMUhVdLKD5ouIc5daM4qMcaPPapppQI=
Giant-killers Gambia reach AFCON last eight,https://www.skysports.com/football/guinea-vs-gambia/report/457233,0,https://media.istockphoto.com/vectors/news-vector-id918880270?k=20&m=918880270&s=612x612&w=0&h=bDcgr9jhiRYCPMUhVdLKD5ouIc5daM4qMcaPPapppQI=
The 16 LaLiga Santander & LaLiga SmartBank players competing in AFCON 2021,https://www.laliga.com/en-ES/news/the-16-laliga-santander-and-laliga-smartbank-players-competing-in-afcon-2021,0,https://media.istockphoto.com/vectors/news-vector-id918880270?k=20&m=918880270&s=612x612&w=0&h=bDcgr9jhiRYCPMUhVdLKD5ouIc5daM4qMcaPPapppQI=
EFL delays Derby meeting after 'positive developments',https://www.skysports.com/football/news/30778/12524397/derby-efl-delays-emergency-meeting-about-championship-clubs-future-after-positive-developments,0,https://media.istockphoto.com/vectors/news-vector-id918880270?k=20&m=918880270&s=612x612&w=0&h=bDcgr9jhiRYCPMUhVdLKD5ouIc5daM4qMcaPPapppQI=
LaLiga clubs receive the first payment from Boost LaLiga,https://www.laliga.com/en-ES/news/laliga-clubs-receive-the-first-payment-from-boost-laliga,0,https://media.istockphoto.com/vectors/news-vector-id918880270?k=20&m=918880270&s=612x612&w=0&h=bDcgr9jhiRYCPMUhVdLKD5ouIc5daM4qMcaPPapppQI=
LaLiga's Ultimate Challenge gets 2022 off to a flying start!,https://www.laliga.com/en-ES/news/laligas-ultimate-challenge-gets-2022-off-to-a-flying-start,0,https://media.istockphoto.com/vectors/news-vector-id918880270?k=20&m=918880270&s=612x612&w=0&h=bDcgr9jhiRYCPMUhVdLKD5ouIc5daM4qMcaPPapppQI=
How much do you know about Ferran Torres?,https://www.laliga.com/en-ES/news/how-much-do-you-know-about-ferran-torres,0,https://media.istockphoto.com/vectors/news-vector-id918880270?k=20&m=918880270&s=612x612&w=0&h=bDcgr9jhiRYCPMUhVdLKD5ouIc5daM4qMcaPPapppQI=
Juanmi named LaLiga Santander Player of the Month for December,https://www.laliga.com/en-ES/news/juanmi-named-laliga-santander-player-of-the-month-for-december,0,https://media.istockphoto.com/vectors/news-vector-id918880270?k=20&m=918880270&s=612x612&w=0&h=bDcgr9jhiRYCPMUhVdLKD5ouIc5daM4qMcaPPapppQI=
Rodrigo Bentancur transfer to Aston Villa: Premier League club step up pursuit of Uruguay midfielder as Juventus wait on bid,https://www.goal.com/en-ng/news/rodrigo-bentancur-transfer-aston-villa-premier-league-club/bltf8b52b5f4b13bb9d,0,https://media.istockphoto.com/vectors/news-vector-id918880270?k=20&m=918880270&s=612x612&w=0&h=bDcgr9jhiRYCPMUhVdLKD5ouIc5daM4qMcaPPapppQI=
"Afcon 2021: Cameroon predicted XI vs Comoros - Lethal Aboubakar, Toko Ekambi to start",https://www.goal.com/en-ng/lists/afcon-2021-predict-cameroon-xi-comoros-lethal-aboubakar-toko/blt5c8fa65d8bfc6690,1,https://media.istockphoto.com/vectors/news-vector-id918880270?k=20&m=918880270&s=612x612&w=0&h=bDcgr9jhiRYCPMUhVdLKD5ouIc5daM4qMcaPPapppQI=
"Afcon 2021: Revealed Cameroon XI to face Comoros - Aboubakar, Choupo-Moting lead Indomitable Lions attack",https://www.goal.com/en-ng/lists/afcon-2021-revealed-cameroon-xi-to-face-comoros-aboubakar-choupo-/bltd465d6439abd759a,1,https://media.istockphoto.com/vectors/news-vector-id918880270?k=20&m=918880270&s=612x612&w=0&h=bDcgr9jhiRYCPMUhVdLKD5ouIc5daM4qMcaPPapppQI=
Explained: Derby boost in fight against liquidation,https://www.skysports.com/watch/video/12524587/explained-derby-boost-in-fight-against-liquidation,0,https://media.istockphoto.com/vectors/news-vector-id918880270?k=20&m=918880270&s=612x612&w=0&h=bDcgr9jhiRYCPMUhVdLKD5ouIc5daM4qMcaPPapppQI=
Spurs closing in on £20m Traore deal,https://www.skysports.com/football/news/12040/12524552/adama-traore-tottenham-hotspur-closing-in-on-signing-wolverhampton-wanderers-winger,0,https://media.istockphoto.com/vectors/news-vector-id918880270?k=20&m=918880270&s=612x612&w=0&h=bDcgr9jhiRYCPMUhVdLKD5ouIc5daM4qMcaPPapppQI=
Prutton's Championship predictions,https://www.skysports.com/football/news/34681/12524427/david-pruttons-sky-bet-championship-predictions,0,https://media.istockphoto.com/vectors/news-vector-id918880270?k=20&m=918880270&s=612x612&w=0&h=bDcgr9jhiRYCPMUhVdLKD5ouIc5daM4qMcaPPapppQI=
Burkina Faso 1-1 Gabon (7-6 pens.): Stallions stun Panthers in dramatic penalty shootout to reach quarters,https://www.goal.com/en-ng/news/burkina-faso-1-1-gabon-7-6-pens-stallions-stun-panthers-in/blt40fe3330bbb45565,0,https://media.istockphoto.com/vectors/news-vector-id918880270?k=20&m=918880270&s=612x612&w=0&h=bDcgr9jhiRYCPMUhVdLKD5ouIc5daM4qMcaPPapppQI=
"LaLiga takes pioneering step by adding advanced near real-time goal probability graphics to its broadcasts, thanks to Microsoft technology",https://www.laliga.com/en-ES/news/laliga-takes-pioneering-step-by-adding-advanced-near-real-time-goal-probability-graphics-to-its-broadcasts-thanks-to-microsoft-technology,0,https://media.istockphoto.com/vectors/news-vector-id918880270?k=20&m=918880270&s=612x612&w=0&h=bDcgr9jhiRYCPMUhVdLKD5ouIc5daM4qMcaPPapppQI=
LaLiga launches MBA in Qatar together with local partner Aspire Zone Foundation,https://www.laliga.com/en-ES/news/laliga-launches-mba-in-qatar-together-with-local-partner-aspire-zone-foundation,0,https://media.istockphoto.com/vectors/news-vector-id918880270?k=20&m=918880270&s=612x612&w=0&h=bDcgr9jhiRYCPMUhVdLKD5ouIc5daM4qMcaPPapppQI=
Jose Luis Mendilibar named new manager of Alaves,https://www.laliga.com/en-ES/news/jose-luis-mendilibar-named-new-manager-of-alaves,0,https://media.istockphoto.com/vectors/news-vector-id918880270?k=20&m=918880270&s=612x612&w=0&h=bDcgr9jhiRYCPMUhVdLKD5ouIc5daM4qMcaPPapppQI=
Nev: Rashford's big moment; Rangnick in control,https://www.skysports.com/football/news/29326/12524163/gary-nevilles-manchester-united-verdict-marcus-rashfords-big-moment-ralf-rangnick-in-control,0,https://media.istockphoto.com/vectors/news-vector-id918880270?k=20&m=918880270&s=612x612&w=0&h=bDcgr9jhiRYCPMUhVdLKD5ouIc5daM4qMcaPPapppQI=
Afcon 2021: Malawi refuse to single out Orlando Pirates’ Mhango,https://www.goal.com/en-ng/news/afcon-2021-malawi-refuse-to-single-out-orlando-pirates/blt4c56707560d80dbd,1,https://media.istockphoto.com/vectors/news-vector-id918880270?k=20&m=918880270&s=612x612&w=0&h=bDcgr9jhiRYCPMUhVdLKD5ouIc5daM4qMcaPPapppQI=
Afcon 2021: Nigeria President Buhari fires up Super Eagles ahead of crunch Tunisia clash,https://www.goal.com/en-ng/news/afcon-2021-nigeria-president-buhari-fires-up-super-eagles/blt8b862581f51517e3,1,https://media.istockphoto.com/vectors/news-vector-id918880270?k=20&m=918880270&s=612x612&w=0&h=bDcgr9jhiRYCPMUhVdLKD5ouIc5daM4qMcaPPapppQI=
"Jorge Molina, the hat-trick magician",https://www.laliga.com/en-ES/news/jorge-molina-the-hat-trick-magician,0,https://media.istockphoto.com/vectors/news-vector-id918880270?k=20&m=918880270&s=612x612&w=0&h=bDcgr9jhiRYCPMUhVdLKD5ouIc5daM4qMcaPPapppQI=
Shearer: Salisu blocked everything against Man City,https://www.premierleague.com/news/2462465,0,https://media.istockphoto.com/vectors/news-vector-id918880270?k=20&m=918880270&s=612x612&w=0&h=bDcgr9jhiRYCPMUhVdLKD5ouIc5daM4qMcaPPapppQI=
Liverpool take advantage of Man City's slip-upExternal Link,https://www.premierleague.com/match/66565,0,https://media.istockphoto.com/vectors/news-vector-id918880270?k=20&m=918880270&s=612x612&w=0&h=bDcgr9jhiRYCPMUhVdLKD5ouIc5daM4qMcaPPapppQI=
Guinea 0-1 Gambia: Barrow strike sends Scorpions through to Afcon quarter-finals,https://www.goal.com/en-ng/news/guinea-0-1-gambia-barrow-strike-sends-scorpions-through-to-afcon-/blt1d110118013c3c09,1,https://media.istockphoto.com/vectors/news-vector-id918880270?k=20&m=918880270&s=612x612&w=0&h=bDcgr9jhiRYCPMUhVdLKD5ouIc5daM4qMcaPPapppQI=
Afcon 2021: Ex-Nigeria goalkeeper Shorunmu absolves Okoye of blame for Tunisia loss,https://www.goal.com/en-ng/news/afcon-2021-ex-nigeria-goalkeeper-shorunmu-absolves-okoye-of/blt281e988f0f7541cc,1,https://media.istockphoto.com/vectors/news-vector-id918880270?k=20&m=918880270&s=612x612&w=0&h=bDcgr9jhiRYCPMUhVdLKD5ouIc5daM4qMcaPPapppQI=
Five things you didn’t know about Vinicius Jr.,https://www.laliga.com/en-ES/news/five-things-you-didnt-know-about-vinicius-jr,0,https://media.istockphoto.com/vectors/news-vector-id918880270?k=20&m=918880270&s=612x612&w=0&h=bDcgr9jhiRYCPMUhVdLKD5ouIc5daM4qMcaPPapppQI=
January 2022 Latest Transfers & News,https://www.premierleague.com/news/2427036,0,https://media.istockphoto.com/vectors/news-vector-id918880270?k=20&m=918880270&s=612x612&w=0&h=bDcgr9jhiRYCPMUhVdLKD5ouIc5daM4qMcaPPapppQI=
Spurs offered chance to sign Angers forward Ali-Cho,https://www.skysports.com/football/news/11675/12524465/tottenham-transfer-news-spurs-offered-chance-to-sign-angers-forward-mohamed-ali-cho,0,https://media.istockphoto.com/vectors/news-vector-id918880270?k=20&m=918880270&s=612x612&w=0&h=bDcgr9jhiRYCPMUhVdLKD5ouIc5daM4qMcaPPapppQI=
Afcon 2021: Geremi reveals his conversation with Cameroon star Aboubakar,https://www.goal.com/en-ng/news/afcon-2021-geremi-reveals-his-conversation-with-cameroon/blt512c7f99364275e2,1,https://media.istockphoto.com/vectors/news-vector-id918880270?k=20&m=918880270&s=612x612&w=0&h=bDcgr9jhiRYCPMUhVdLKD5ouIc5daM4qMcaPPapppQI=
Trending: Ghanaians take to social media to mock 'jollof rivals' Nigeria after Afcon elimination,https://www.goal.com/en-ng/news/trending-jollof-rivals-ghanaians-mock-nigeria-afcon/blt1b92c1143259c1de,1,https://media.istockphoto.com/vectors/news-vector-id918880270?k=20&m=918880270&s=612x612&w=0&h=bDcgr9jhiRYCPMUhVdLKD5ouIc5daM4qMcaPPapppQI=
Budweiser Kings of the Match: Matchweek 23,https://www.premierleague.com/news/2452282,0,https://media.istockphoto.com/vectors/news-vector-id918880270?k=20&m=918880270&s=612x612&w=0&h=bDcgr9jhiRYCPMUhVdLKD5ouIc5daM4qMcaPPapppQI=
Telford seals San Diego Wave transfer from Chelsea to link up with USWNT star Morgan & ex Man Utd boss Stoney,https://www.goal.com/en-ng/news/telford-seals-san-diego-wave-transfer-from-chelsea-to-link/blt33c65b2531d8dcf9,0,https://media.istockphoto.com/vectors/news-vector-id918880270?k=20&m=918880270&s=612x612&w=0&h=bDcgr9jhiRYCPMUhVdLKD5ouIc5daM4qMcaPPapppQI=
Ziyech stunner helps Chelsea past SpursExternal Link,https://www.premierleague.com/match/66564,0,https://media.istockphoto.com/vectors/news-vector-id918880270?k=20&m=918880270&s=612x612&w=0&h=bDcgr9jhiRYCPMUhVdLKD5ouIc5daM4qMcaPPapppQI=
Afcon 2021: Nigeria 0-1 Tunisia — What did we learn?,https://www.goal.com/en-ng/lists/afcon-2021-nigeria-0-1-tunisia-what-did-we-learn/blta051bf915ffccb99,1,https://media.istockphoto.com/vectors/news-vector-id918880270?k=20&m=918880270&s=612x612&w=0&h=bDcgr9jhiRYCPMUhVdLKD5ouIc5daM4qMcaPPapppQI=
FPL team news: Tomiyasu out for two weeks,https://www.premierleague.com/news/2452706,0,https://media.istockphoto.com/vectors/news-vector-id918880270?k=20&m=918880270&s=612x612&w=0&h=bDcgr9jhiRYCPMUhVdLKD5ouIc5daM4qMcaPPapppQI=
LIVE: Cameroon v Comoros,https://www.goal.comhttps://www.goal.com/en-ng/match/cameroon-v-comoros/4lt87pyseor28964c11r3h8us,1,https://media.istockphoto.com/vectors/news-vector-id918880270?k=20&m=918880270&s=612x612&w=0&h=bDcgr9jhiRYCPMUhVdLKD5ouIc5daM4qMcaPPapppQI=
Man Utd's Martial agrees to pay cut to force Sevilla loan transfer,https://www.goal.com/en-ng/news/man-utd-s-martial-agrees-to-pay-cut-to-force-sevilla-loan/blt6b83e6f1ab9b66a9,0,https://media.istockphoto.com/vectors/news-vector-id918880270?k=20&m=918880270&s=612x612&w=0&h=bDcgr9jhiRYCPMUhVdLKD5ouIc5daM4qMcaPPapppQI=
Cristhian Stuani named LaLiga SmartBank Player of the Month for December,https://www.laliga.com/en-ES/news/cristhian-stuani-named-laliga-smartbank-player-of-the-month-for-december,0,https://media.istockphoto.com/vectors/news-vector-id918880270?k=20&m=918880270&s=612x612&w=0&h=bDcgr9jhiRYCPMUhVdLKD5ouIc5daM4qMcaPPapppQI=
Afcon 2021: Confusion in Comoros keeper crisis as Ahamada tests negative & travels but doesn't meet isolation criteria,https://www.goal.com/en-ng/news/afcon-2021-comoros-goalkeeper-ahamada-covid-negative-vs/blt00b932ab08702ff6,1,https://media.istockphoto.com/vectors/news-vector-id918880270?k=20&m=918880270&s=612x612&w=0&h=bDcgr9jhiRYCPMUhVdLKD5ouIc5daM4qMcaPPapppQI=
An exciting end of year for LaLiga’s Ultimate Challenge,https://www.laliga.com/en-ES/news/an-exciting-end-of-year-for-laligas-ultimate-challenge,0,https://media.istockphoto.com/vectors/news-vector-id918880270?k=20&m=918880270&s=612x612&w=0&h=bDcgr9jhiRYCPMUhVdLKD5ouIc5daM4qMcaPPapppQI=
Hukum builds towards Dubai Sheema Classic bid,https://www.skysports.com/racing/news/12040/12525782/hukum-building-up-towards-sheema-classic-assignment,0,https://media.istockphoto.com/vectors/news-vector-id918880270?k=20&m=918880270&s=612x612&w=0&h=bDcgr9jhiRYCPMUhVdLKD5ouIc5daM4qMcaPPapppQI=
Morocco 2-1 Malawi: Hakimi douses Flames as Atlas Lions book Afcon quarter-final spot,https://www.goal.com/en-ng/news/morocco-2-1-malawi-atlas-lions-douse-flames-and-book-afcon/blt71f8b5b7991136ef,1,https://media.istockphoto.com/vectors/news-vector-id918880270?k=20&m=918880270&s=612x612&w=0&h=bDcgr9jhiRYCPMUhVdLKD5ouIc5daM4qMcaPPapppQI=
Pulisic out to put Chelsea struggles behind him by taking USMNT lead role once more,https://www.goal.com/en-ng/news/pulisic-chelsea-struggles-usmnt-lead-role/bltec6bd354be93ba6d,0,https://media.istockphoto.com/vectors/news-vector-id918880270?k=20&m=918880270&s=612x612&w=0&h=bDcgr9jhiRYCPMUhVdLKD5ouIc5daM4qMcaPPapppQI=
Afcon 2021: Egypt fans should support national team and not a specific player – Salah,https://www.goal.com/en-ng/news/afcon-2021-salah-egypt-fans-should-support-national-team/blt84015585e1059e32,1,https://media.istockphoto.com/vectors/news-vector-id918880270?k=20&m=918880270&s=612x612&w=0&h=bDcgr9jhiRYCPMUhVdLKD5ouIc5daM4qMcaPPapppQI=
"World Cup 2022 winner odds: Favourites, contenders & outsiders to win Qatar tournament",https://www.goal.com/en-ng/news/world-cup-2022-winner-odds-favourites-contenders-outsiders/bltbfa10ea3f830e2e9,0,https://media.istockphoto.com/vectors/news-vector-id918880270?k=20&m=918880270&s=612x612&w=0&h=bDcgr9jhiRYCPMUhVdLKD5ouIc5daM4qMcaPPapppQI=
Aubameyang left out of Arsenal squad for Dubai training camp,https://www.skysports.com/football/news/11095/12525804/arsenal-transfer-news-pierre-emerick-aubameyang-left-out-of-squad-for-dubai-training-camp,0,https://media.istockphoto.com/vectors/news-vector-id918880270?k=20&m=918880270&s=612x612&w=0&h=bDcgr9jhiRYCPMUhVdLKD5ouIc5daM4qMcaPPapppQI=
McIlroy wants to recreate Tiger inspiration in Dubai,https://www.skysports.com/golf/news/12176/12525745/rory-mcilroy-says-he-hopes-he-can-inspire-like-tiger-woods-at-the-dubai-dessert-classic,0,https://media.istockphoto.com/vectors/news-vector-id918880270?k=20&m=918880270&s=612x612&w=0&h=bDcgr9jhiRYCPMUhVdLKD5ouIc5daM4qMcaPPapppQI=
Afcon title would be crowning glory for Salah,https://www.goal.com/en-ng/news/afcon-title-would-be-crowning-glory-for-salah/blteadf548b9a908a0d,1,https://media.istockphoto.com/vectors/news-vector-id918880270?k=20&m=918880270&s=612x612&w=0&h=bDcgr9jhiRYCPMUhVdLKD5ouIc5daM4qMcaPPapppQI=
Kick-off times for Matchday 23 of LaLiga Santander 2021/22,https://www.laliga.com/en-ES/news/kick-off-times-for-matchday-2-of-laliga-santander-2021-22,0,https://media.istockphoto.com/vectors/news-vector-id918880270?k=20&m=918880270&s=612x612&w=0&h=bDcgr9jhiRYCPMUhVdLKD5ouIc5daM4qMcaPPapppQI=
Afcon 2021: Predicting Salah's Egypt XI to face Ivory Coast,https://www.goal.com/en-ng/lists/afcon-2021-predicting-salah-egypt-xi-to-face-ivory-coast/bltaeb5f62e1982bdbb,1,https://media.istockphoto.com/vectors/news-vector-id918880270?k=20&m=918880270&s=612x612&w=0&h=bDcgr9jhiRYCPMUhVdLKD5ouIc5daM4qMcaPPapppQI=
Vote for your best LaLiga Santander moment from 2021!,https://www.laliga.com/en-ES/news/vote-for-your-best-laliga-santander-moment-from-2021,0,https://media.istockphoto.com/vectors/news-vector-id918880270?k=20&m=918880270&s=612x612&w=0&h=bDcgr9jhiRYCPMUhVdLKD5ouIc5daM4qMcaPPapppQI=
Hewett & Reid win ninth consecutive Grand Slam title at Australian Open,https://www.skysports.com/tennis/news/31870/12525673/australian-open-alfie-hewett-and-gordon-reid-make-tennis-history-in-melbourne,0,https://media.istockphoto.com/vectors/news-vector-id918880270?k=20&m=918880270&s=612x612&w=0&h=bDcgr9jhiRYCPMUhVdLKD5ouIc5daM4qMcaPPapppQI=
Salah and Liverpool: What happens next in the Premier League's biggest contract stand-off?,https://www.goal.com/en-ng/news/salah-liverpool-what-happens-next-contract-stand-off/blt8d8346477d28dbce,1,https://media.istockphoto.com/vectors/news-vector-id918880270?k=20&m=918880270&s=612x612&w=0&h=bDcgr9jhiRYCPMUhVdLKD5ouIc5daM4qMcaPPapppQI=
Afcon 2021: Malawi and Orlando Pirates’ Mhango has potential to play at highest level – Marinica,https://www.goal.com/en-ng/news/afcon-2021-malawi-and-orlando-pirates-mhango-has-potential/blt55bab2f8f1bfa640,1,https://media.istockphoto.com/vectors/news-vector-id918880270?k=20&m=918880270&s=612x612&w=0&h=bDcgr9jhiRYCPMUhVdLKD5ouIc5daM4qMcaPPapppQI=
"Championship play-offs 2022: Fixtures, dates & teams in the race to the Premier League",https://www.goal.com/en-ng/news/championship-play-offs-2022-fixtures-dates-teams/blt04dfccd306bf45e3,0,https://media.istockphoto.com/vectors/news-vector-id918880270?k=20&m=918880270&s=612x612&w=0&h=bDcgr9jhiRYCPMUhVdLKD5ouIc5daM4qMcaPPapppQI=
'I'm disgusted' - Jockeys fury at new minimum weight rules,https://www.skysports.com/racing/news/12426/12525736/bha-minimum-weight-rules-several-jockeys-criticise-new-rulings-following-permanent-closure-of-racecourse-saunas,0,https://media.istockphoto.com/vectors/news-vector-id918880270?k=20&m=918880270&s=612x612&w=0&h=bDcgr9jhiRYCPMUhVdLKD5ouIc5daM4qMcaPPapppQI=
Kick-off times for Matchday 21 of LaLiga Santander 2021/22,https://www.laliga.com/en-ES/news/kick-off-times-for-matchday-21-of-laliga-santander-2021-22,0,https://media.istockphoto.com/vectors/news-vector-id918880270?k=20&m=918880270&s=612x612&w=0&h=bDcgr9jhiRYCPMUhVdLKD5ouIc5daM4qMcaPPapppQI=
Mendizorroza set to host Glorioso LaLiga Experience,https://www.laliga.com/en-ES/news/mendizorroza-set-to-host-glorioso-laliga-experience,0,https://media.istockphoto.com/vectors/news-vector-id918880270?k=20&m=918880270&s=612x612&w=0&h=bDcgr9jhiRYCPMUhVdLKD5ouIc5daM4qMcaPPapppQI=
Cadiz CF part company with manager Alvaro Cervera,https://www.laliga.com/en-ES/news/cadiz-cf-part-company-with-manager-alvaro-cervera,0,https://media.istockphoto.com/vectors/news-vector-id918880270?k=20&m=918880270&s=612x612&w=0&h=bDcgr9jhiRYCPMUhVdLKD5ouIc5daM4qMcaPPapppQI=
NFTs & football: What are they & which players are involved?,https://www.goal.com/en-ng/news/nfts-and-football-what-are-they-and-which-players-are/blt30fca37d5dbe1a90,0,https://media.istockphoto.com/vectors/news-vector-id918880270?k=20&m=918880270&s=612x612&w=0&h=bDcgr9jhiRYCPMUhVdLKD5ouIc5daM4qMcaPPapppQI=
Afcon 2021: Senegal managed Cape Verde from start and it made the difference – Aliou Cisse,https://www.goal.com/en-ng/news/afcon-2021-senegal-managed-cape-verde-aliou-cisse/blt8cceb51c7a2072c7,1,https://media.istockphoto.com/vectors/news-vector-id918880270?k=20&m=918880270&s=612x612&w=0&h=bDcgr9jhiRYCPMUhVdLKD5ouIc5daM4qMcaPPapppQI=
Garcia backs Donald for Ryder Cup captaincy,https://www.skysports.com/golf/news/12040/12525781/ryder-cup-sergio-garcia-backs-luke-donald-to-be-europes-next-captain,0,https://media.istockphoto.com/vectors/news-vector-id918880270?k=20&m=918880270&s=612x612&w=0&h=bDcgr9jhiRYCPMUhVdLKD5ouIc5daM4qMcaPPapppQI=
Vitoria & Alaves capture Caribbean & Hungarian hearts through LaLiga Experience,https://www.laliga.com/en-ES/news/vitoria-and-alaves-capture-caribbean-and-hungarian-hearts-through-laliga-experience,0,https://media.istockphoto.com/vectors/news-vector-id918880270?k=20&m=918880270&s=612x612&w=0&h=bDcgr9jhiRYCPMUhVdLKD5ouIc5daM4qMcaPPapppQI=
Arsenal's Miedema linked with PSG & Barcelona transfer talks as striker targets Champions League title,https://www.goal.com/en-ng/news/arsenal-miedema-psg-barcelona-transfer-talks-target/bltd67d2fa5edeeea72,0,https://media.istockphoto.com/vectors/news-vector-id918880270?k=20&m=918880270&s=612x612&w=0&h=bDcgr9jhiRYCPMUhVdLKD5ouIc5daM4qMcaPPapppQI=
Collins to face Swiatek in Australian Open semi-finals,https://www.skysports.com/tennis/news/12110/12525590/australian-open-danielle-collins-will-face-iga-swiatek-in-the-semi-finals,0,https://media.istockphoto.com/vectors/news-vector-id918880270?k=20&m=918880270&s=612x612&w=0&h=bDcgr9jhiRYCPMUhVdLKD5ouIc5daM4qMcaPPapppQI=
Jokic dominates Pistons with 28-21-9,https://www.skysports.com/watch/video/12525694/nikola-jokic-dominates-pistons-with-28-21-9,0,https://media.istockphoto.com/vectors/news-vector-id918880270?k=20&m=918880270&s=612x612&w=0&h=bDcgr9jhiRYCPMUhVdLKD5ouIc5daM4qMcaPPapppQI=
Pakistan Super League: All you need to know,https://www.skysports.com/cricket/news/30964/12522280/pakistan-super-league-2022-what-teams-are-involved-and-which-english-players-could-star,0,https://media.istockphoto.com/vectors/news-vector-id918880270?k=20&m=918880270&s=612x612&w=0&h=bDcgr9jhiRYCPMUhVdLKD5ouIc5daM4qMcaPPapppQI=
"Afcon 2021: Ivory Coast vs Egypt Preview - Kick-off time, TV channel, squad news",https://www.goal.com/en-ng/news/afcon-2021-ivory-coast-vs-egypt-preview-kick-off-time-tv-channel-/bltd22a617c189159f8,1,https://media.istockphoto.com/vectors/news-vector-id918880270?k=20&m=918880270&s=612x612&w=0&h=bDcgr9jhiRYCPMUhVdLKD5ouIc5daM4qMcaPPapppQI=
"Inside Arsenal's Dubai training camp: Who is going, what's happening and what about transfers?",https://www.goal.com/en-ng/news/inside-arsenal-dubai-training-camp-transfers/bltc304ae387fc56cbc,0,https://media.istockphoto.com/vectors/news-vector-id918880270?k=20&m=918880270&s=612x612&w=0&h=bDcgr9jhiRYCPMUhVdLKD5ouIc5daM4qMcaPPapppQI=
Fixture-loaded FPL options: Burnley,https://www.premierleague.com/news/2463014,0,https://media.istockphoto.com/vectors/news-vector-id918880270?k=20&m=918880270&s=612x612&w=0&h=bDcgr9jhiRYCPMUhVdLKD5ouIc5daM4qMcaPPapppQI=
Ndah: Agent discusses Nigeria and Orlando Pirates star's chances of moving to Europe ,https://www.goal.com/en-ng/news/ndah-agent-discusses-nigeria-and-orlando-pirates-star-chances-of-/blt2b924dcc676dfad5,0,https://media.istockphoto.com/vectors/news-vector-id918880270?k=20&m=918880270&s=612x612&w=0&h=bDcgr9jhiRYCPMUhVdLKD5ouIc5daM4qMcaPPapppQI=
Rahm stands by criticism of PGA Tour course setup,https://www.skysports.com/golf/news/12176/12525824/jon-rahm-world-no-1-stands-by-criticism-of-pga-tour-course-setup-ahead-of-farmers-insurance-open,0,https://media.istockphoto.com/vectors/news-vector-id918880270?k=20&m=918880270&s=612x612&w=0&h=bDcgr9jhiRYCPMUhVdLKD5ouIc5daM4qMcaPPapppQI=
Transfer news and rumours LIVE: Lingard Newcastle loan move on verge of collapse as Man Utd demand 'avoid relegation' clause,https://www.goal.com/en-ng/news/live/transfer-news-and-rumours-live/bltedd717d9980c3db6,0,https://media.istockphoto.com/vectors/news-vector-id918880270?k=20&m=918880270&s=612x612&w=0&h=bDcgr9jhiRYCPMUhVdLKD5ouIc5daM4qMcaPPapppQI=
"FA Cup winner odds: Favourites, contenders & outsiders to win 2021-22 tournament ",https://www.goal.com/en-ng/news/fa-cup-winner-odds-favourites-contenders-and-outsiders-to/bltc999fb5def2ef632,0,https://media.istockphoto.com/vectors/news-vector-id918880270?k=20&m=918880270&s=612x612&w=0&h=bDcgr9jhiRYCPMUhVdLKD5ouIc5daM4qMcaPPapppQI=
Why is there no Premier League football this weekend & which games are on TV?,https://www.goal.com/en-ng/news/why-is-there-no-premier-league-football-this-weekend-games/bltdab658f1309f9c76,0,https://media.istockphoto.com/vectors/news-vector-id918880270?k=20&m=918880270&s=612x612&w=0&h=bDcgr9jhiRYCPMUhVdLKD5ouIc5daM4qMcaPPapppQI=
"Chelsea vs Spurs in WSL rearranged for March 23, live on Sky",https://www.skysports.com/football/news/28508/12525708/chelsea-vs-tottenham-womens-super-league-fixture-rearranged-for-march-23-live-on-sky-sports,0,https://media.istockphoto.com/vectors/news-vector-id918880270?k=20&m=918880270&s=612x612&w=0&h=bDcgr9jhiRYCPMUhVdLKD5ouIc5daM4qMcaPPapppQI=
Rangers condemn racist abuse of Ofoborh,https://www.skysports.com/football/news/30964/12525654/nnamdi-ofoborh-rangers-midfielder-racially-abused-online-as-he-plays-fifa,0,https://media.istockphoto.com/vectors/news-vector-id918880270?k=20&m=918880270&s=612x612&w=0&h=bDcgr9jhiRYCPMUhVdLKD5ouIc5daM4qMcaPPapppQI=
'£50m down the drain' or a victim of Man Utd culture -where did it all go wrong for Martial?,https://www.goal.com/en-ng/news/50m-down-drain-victim-man-utd-culture-martial/bltdbbe15265cfbd826,0,https://media.istockphoto.com/vectors/news-vector-id918880270?k=20&m=918880270&s=612x612&w=0&h=bDcgr9jhiRYCPMUhVdLKD5ouIc5daM4qMcaPPapppQI=
Bohemians follow Ajax with Bob Marley-inspired away jersey,https://www.goal.com/en-ng/news/bohemians-ajax-bob-marley-jersey/blt3d2fa8fe7b541e6d,0,https://media.istockphoto.com/vectors/news-vector-id918880270?k=20&m=918880270&s=612x612&w=0&h=bDcgr9jhiRYCPMUhVdLKD5ouIc5daM4qMcaPPapppQI=
USMNT striker Dike ruled out for eight weeks amid West Brom promotion push,https://www.goal.com/en-ng/news/usmnt-dike-out-eight-weeks-west-brom/blte37ffd2290f0edd5,0,https://media.istockphoto.com/vectors/news-vector-id918880270?k=20&m=918880270&s=612x612&w=0&h=bDcgr9jhiRYCPMUhVdLKD5ouIc5daM4qMcaPPapppQI=
Hodgson joins sixth PL club as Watford's new manager,https://www.premierleague.com/news/2463418,0,https://media.istockphoto.com/vectors/news-vector-id918880270?k=20&m=918880270&s=612x612&w=0&h=bDcgr9jhiRYCPMUhVdLKD5ouIc5daM4qMcaPPapppQI=
FC Barcelona channel La Masia spirit,https://www.laliga.com/en-ES/news/fc-barcelona-channel-la-masia-spirit,0,https://media.istockphoto.com/vectors/news-vector-id918880270?k=20&m=918880270&s=612x612&w=0&h=bDcgr9jhiRYCPMUhVdLKD5ouIc5daM4qMcaPPapppQI=
PL2 highlights: Campbell finishes clever free-kick routine,https://www.premierleague.com/news/2463039,0,https://media.istockphoto.com/vectors/news-vector-id918880270?k=20&m=918880270&s=612x612&w=0&h=bDcgr9jhiRYCPMUhVdLKD5ouIc5daM4qMcaPPapppQI=
How Barcelona plan to raise €100m to win Haaland transfer chase,https://www.goal.com/en-ng/news/barcelona-eur100m-haaland-transfer/blte911c91e409f16b9,0,https://media.istockphoto.com/vectors/news-vector-id918880270?k=20&m=918880270&s=612x612&w=0&h=bDcgr9jhiRYCPMUhVdLKD5ouIc5daM4qMcaPPapppQI=
Newcastle agree £30m fee with Lyon to sign Guimaraes,https://www.skysports.com/football/news/11678/12525774/bruno-guimaraes-newcastle-agree-fee-with-lyon-in-region-of-30m-to-sign-midfielder,0,https://media.istockphoto.com/vectors/news-vector-id918880270?k=20&m=918880270&s=612x612&w=0&h=bDcgr9jhiRYCPMUhVdLKD5ouIc5daM4qMcaPPapppQI=
Fan arrested for alleged racist abuse of Stoke player,https://www.skysports.com/football/news/12040/12525834/coventry-supporter-arrested-for-allegedly-racially-abusing-a-stoke-player-before-tuesdays-championship-game,0,https://media.istockphoto.com/vectors/news-vector-id918880270?k=20&m=918880270&s=612x612&w=0&h=bDcgr9jhiRYCPMUhVdLKD5ouIc5daM4qMcaPPapppQI=
Jetoile aiming for Potter gold in Betfair Hurdle,https://www.skysports.com/racing/news/12040/12525823/jetoile-aiming-for-potter-gold-in-betfair-hurdle,0,https://media.istockphoto.com/vectors/news-vector-id918880270?k=20&m=918880270&s=612x612&w=0&h=bDcgr9jhiRYCPMUhVdLKD5ouIc5daM4qMcaPPapppQI=
Afcon 2021: Morocco had plenty of chances against Malawi but hesitated a lot – Halilhodzic,https://www.goal.com/en-ng/news/afcon-2021-morocco-had-plenty-of-chances-against-malawi-but/bltc07396954b6b4557,1,https://media.istockphoto.com/vectors/news-vector-id918880270?k=20&m=918880270&s=612x612&w=0&h=bDcgr9jhiRYCPMUhVdLKD5ouIc5daM4qMcaPPapppQI=
Fixture-loaded FPL options: Everton,https://www.premierleague.com/news/2463176,0,https://media.istockphoto.com/vectors/news-vector-id918880270?k=20&m=918880270&s=612x612&w=0&h=bDcgr9jhiRYCPMUhVdLKD5ouIc5daM4qMcaPPapppQI=
Barty bidding for first Australian Open title | 'I'll enjoy it with a smile',https://www.skysports.com/tennis/news/12110/12526456/australian-open-ashleigh-barty-plans-to-enjoy-first-final-at-home-grand-slam-in-melbourne,0,https://media.istockphoto.com/vectors/news-vector-id918880270?k=20&m=918880270&s=612x612&w=0&h=bDcgr9jhiRYCPMUhVdLKD5ouIc5daM4qMcaPPapppQI=
Afcon 2021: Power Ranking all eight quarter-finalists,https://www.goal.com/en-ng/lists/afcon-2021-power-ranking-all-eight-quarter-finalists/blt5d9058f7098cab35,1,https://media.istockphoto.com/vectors/news-vector-id918880270?k=20&m=918880270&s=612x612&w=0&h=bDcgr9jhiRYCPMUhVdLKD5ouIc5daM4qMcaPPapppQI=
BetKing Arena Show: Africa Cup of Nations quarterfinals,https://www.goal.com/en-ng/news/betking-arena-show-africa-cup-of-nations-quarterfinals/blt1fdb7eae206cd625,1,https://media.istockphoto.com/vectors/news-vector-id918880270?k=20&m=918880270&s=612x612&w=0&h=bDcgr9jhiRYCPMUhVdLKD5ouIc5daM4qMcaPPapppQI=
LaLiga Experience celebrates the 101st anniversary of Deportivo Alaves,https://www.laliga.com/en-ES/news/laliga-experience-celebrates-the-101st-anniversary-of-deportivo-alaves,0,https://media.istockphoto.com/vectors/news-vector-id918880270?k=20&m=918880270&s=612x612&w=0&h=bDcgr9jhiRYCPMUhVdLKD5ouIc5daM4qMcaPPapppQI=
FREE STREAM: Gainbridge LPGA LIVE!,https://www.skysports.com/golf/news/12176/12527034/lpga-tour-free-live-youtube-stream-from-gainbridge-lpga-in-florida-where-nelly-korda-defends,0,https://media.istockphoto.com/vectors/news-vector-id918880270?k=20&m=918880270&s=612x612&w=0&h=bDcgr9jhiRYCPMUhVdLKD5ouIc5daM4qMcaPPapppQI=
Spurs in talks to sign Juve winger Kulusevski on loan,https://www.skysports.com/football/news/11675/12527453/dejan-kulusevski-tottenham-in-talks-with-juventus-over-signing-swedish-winger-on-loan,0,https://media.istockphoto.com/vectors/news-vector-id918880270?k=20&m=918880270&s=612x612&w=0&h=bDcgr9jhiRYCPMUhVdLKD5ouIc5daM4qMcaPPapppQI=
LaLiga Santander launches Mid-Season African MVP Award for top performing African stars in first half of LaLiga season,https://www.laliga.com/en-ES/news/laliga-santander-launches-mid-season-african-mvp-award-for-top-performing-african-stars-in-first-half-of-laliga-season,0,https://media.istockphoto.com/vectors/news-vector-id918880270?k=20&m=918880270&s=612x612&w=0&h=bDcgr9jhiRYCPMUhVdLKD5ouIc5daM4qMcaPPapppQI=
Watch: Di Maria scores wonder goal for Argentina against Chile in World Cup qualifying win,https://www.goal.com/en-ng/news/watch-di-maria-wonder-goal-for-argentina-against-chile/blt0a7e10e08388acd7,0,https://media.istockphoto.com/vectors/news-vector-id918880270?k=20&m=918880270&s=612x612&w=0&h=bDcgr9jhiRYCPMUhVdLKD5ouIc5daM4qMcaPPapppQI=
Erling Haaland transfer news today: Latest reports & rumours over Borussia Dortmund star's future,https://www.goal.com/en-ng/news/live/live-erling-haaland-transfer-news-and-rumours/bltcc2eac741dc861e1,0,https://media.istockphoto.com/vectors/news-vector-id918880270?k=20&m=918880270&s=612x612&w=0&h=bDcgr9jhiRYCPMUhVdLKD5ouIc5daM4qMcaPPapppQI=
FPL Show: Man Utd's double makes Salah move tricky,https://www.premierleague.com/news/2464996,0,https://media.istockphoto.com/vectors/news-vector-id918880270?k=20&m=918880270&s=612x612&w=0&h=bDcgr9jhiRYCPMUhVdLKD5ouIc5daM4qMcaPPapppQI=
"Ronaldo chilling on the beach in Dubai, Mount & Jorginho in Miami: Where are Premier League stars holidaying during the winter break?",https://www.goal.com/en-ng/news/ronaldo-beach-dubai-mount-jorginho-miami-premier-league/bltd82e51011a534d67,0,https://media.istockphoto.com/vectors/news-vector-id918880270?k=20&m=918880270&s=612x612&w=0&h=bDcgr9jhiRYCPMUhVdLKD5ouIc5daM4qMcaPPapppQI=
Dunga: Kenya forward completes Kamatamare Sanuki loan deal from Sagan Tosu,https://www.goal.com/en-ng/news/dunga-kenya-forward-completes-kamatamare-sanuki-loan-deal/blt06b100ce08b624b2,0,https://media.istockphoto.com/vectors/news-vector-id918880270?k=20&m=918880270&s=612x612&w=0&h=bDcgr9jhiRYCPMUhVdLKD5ouIc5daM4qMcaPPapppQI=
Trending: Black Stars fans split on Hughton as Ghana boss,https://www.goal.com/en-ng/news/trending-black-stars-fans-split-on-hughton-as-ghana-boss/blt8665f5e001ac0a33,0,https://media.istockphoto.com/vectors/news-vector-id918880270?k=20&m=918880270&s=612x612&w=0&h=bDcgr9jhiRYCPMUhVdLKD5ouIc5daM4qMcaPPapppQI=
Reyna will be like a 'new signing' as Dortmund reveal what position USMNT star might play,https://www.goal.com/en-ng/news/reyna-new-signing-dortmund-what-position-usmnt-star-might/bltc97a9db82427baba,0,https://media.istockphoto.com/vectors/news-vector-id918880270?k=20&m=918880270&s=612x612&w=0&h=bDcgr9jhiRYCPMUhVdLKD5ouIc5daM4qMcaPPapppQI=
Transfer news and rumours LIVE: Barca & Juve lodge loan offers for Aubameyang,https://www.goal.com/en-ng/news/live/transfer-news-and-rumours-live/bltcd62607ac5f4c89d,0,https://media.istockphoto.com/vectors/news-vector-id918880270?k=20&m=918880270&s=612x612&w=0&h=bDcgr9jhiRYCPMUhVdLKD5ouIc5daM4qMcaPPapppQI=
Rajevac exit: Ghana should have sipped Milo a little longer,https://www.goal.com/en-ng/news/rajevac-exit-ghana-should-have-sipped-milo-a-little-longer/blta571f70812472ade,0,https://media.istockphoto.com/vectors/news-vector-id918880270?k=20&m=918880270&s=612x612&w=0&h=bDcgr9jhiRYCPMUhVdLKD5ouIc5daM4qMcaPPapppQI=
Arsenal's loss is Newcastle's gain: Bruno Guimaraes the statement signing Magpies were seeking,https://www.goal.com/en-ng/news/bruno-guimaraes-statement-signing-newcastle/blt2245727b8352d3bb,0,https://media.istockphoto.com/vectors/news-vector-id918880270?k=20&m=918880270&s=612x612&w=0&h=bDcgr9jhiRYCPMUhVdLKD5ouIc5daM4qMcaPPapppQI=
Fury set to fight Whyte in WBC title clash,https://www.skysports.com/boxing/news/12183/12527532/tyson-fury-set-to-fight-dillian-whyte-in-wbc-heavyweight-championship-fight,0,https://media.istockphoto.com/vectors/news-vector-id918880270?k=20&m=918880270&s=612x612&w=0&h=bDcgr9jhiRYCPMUhVdLKD5ouIc5daM4qMcaPPapppQI=
Horarios de la jornada 24 de LaLiga Santander 2021-22,https://www.laliga.com/en-ES/news/horarios-de-la-jornada-24-de-laliga-santander-2021-22,0,https://media.istockphoto.com/vectors/news-vector-id918880270?k=20&m=918880270&s=612x612&w=0&h=bDcgr9jhiRYCPMUhVdLKD5ouIc5daM4qMcaPPapppQI=
'Holocaust testimony teaches players about tolerance',https://www.premierleague.com/news/2464572,0,https://media.istockphoto.com/vectors/news-vector-id918880270?k=20&m=918880270&s=612x612&w=0&h=bDcgr9jhiRYCPMUhVdLKD5ouIc5daM4qMcaPPapppQI=
Afcon 2021: Cech tips Mendy and Senegal to lift title in Cameroon,https://www.goal.com/en-ng/news/afcon-2021-cech-tips-mendy-senegal-to-lift-title-in-cameroon/blt7b4ea70a6caa32e3,1,https://media.istockphoto.com/vectors/news-vector-id918880270?k=20&m=918880270&s=612x612&w=0&h=bDcgr9jhiRYCPMUhVdLKD5ouIc5daM4qMcaPPapppQI=
LaLiga kicks off 2022 with football galore and a global ad campaign,https://www.laliga.com/en-ES/news/laliga-kicks-off-2022-with-football-galore-and-a-global-ad-campaign,0,https://media.istockphoto.com/vectors/news-vector-id918880270?k=20&m=918880270&s=612x612&w=0&h=bDcgr9jhiRYCPMUhVdLKD5ouIc5daM4qMcaPPapppQI=
"Huddersfield vs Stoke: Predictions, odds & betting tips",https://www.goal.com/en-ng/news/huddersfield-vs-stoke-predictions-odds-and-betting-tips/blt2854fcc2767e4d99,0,https://media.istockphoto.com/vectors/news-vector-id918880270?k=20&m=918880270&s=612x612&w=0&h=bDcgr9jhiRYCPMUhVdLKD5ouIc5daM4qMcaPPapppQI=
 Top 5 upsets at AFCON 2021 ,https://punchng.com/top-5-upsets-at-afcon-2021/,0,https://media.istockphoto.com/vectors/news-vector-id918880270?k=20&m=918880270&s=612x612&w=0&h=bDcgr9jhiRYCPMUhVdLKD5ouIc5daM4qMcaPPapppQI=
 Salah: Winning AFCON my biggest dream ,https://punchng.com/salah-winning-afcon-my-biggest-dream/,0,https://media.istockphoto.com/vectors/news-vector-id918880270?k=20&m=918880270&s=612x612&w=0&h=bDcgr9jhiRYCPMUhVdLKD5ouIc5daM4qMcaPPapppQI=
 Aboubakar: Cameroon’s goalscoring machine taking football by storm ,https://punchng.com/aboubakar-cameroons-goalscoring-machine-taking-football-by-storm/,0,https://media.istockphoto.com/vectors/news-vector-id918880270?k=20&m=918880270&s=612x612&w=0&h=bDcgr9jhiRYCPMUhVdLKD5ouIc5daM4qMcaPPapppQI=
 Mbappe heaps praises on Hakimi after AFCON display ,https://punchng.com/mbappe-heaps-praises-on-hakimi-after-afcon-display/,0,https://media.istockphoto.com/vectors/news-vector-id918880270?k=20&m=918880270&s=612x612&w=0&h=bDcgr9jhiRYCPMUhVdLKD5ouIc5daM4qMcaPPapppQI=
 Eunisell backs Eagles to bounce back after AFCON exit ,https://punchng.com/eunisell-backs-eagles-to-bounce-back-after-afcon-exit/,0,https://media.istockphoto.com/vectors/news-vector-id918880270?k=20&m=918880270&s=612x612&w=0&h=bDcgr9jhiRYCPMUhVdLKD5ouIc5daM4qMcaPPapppQI=
 Cameroon govt to improve access to Olembe stadium after stampede ,https://punchng.com/cameroon-govt-to-improve-access-to-olembe-stadium-after-stampede/,0,https://media.istockphoto.com/vectors/news-vector-id918880270?k=20&m=918880270&s=612x612&w=0&h=bDcgr9jhiRYCPMUhVdLKD5ouIc5daM4qMcaPPapppQI=
 AFCON: Super Eagles will bounce back -Ola Aina ,https://punchng.com/afcon-super-eagles-will-bounce-back-ola-aina/,0,https://media.istockphoto.com/vectors/news-vector-id918880270?k=20&m=918880270&s=612x612&w=0&h=bDcgr9jhiRYCPMUhVdLKD5ouIc5daM4qMcaPPapppQI=
" Prepare for unstable loan markets, IMF tells Nigeria, others ",https://punchng.com/prepare-for-unstable-loan-markets-imf-tells-nigeria-others/,0,https://media.istockphoto.com/vectors/news-vector-id918880270?k=20&m=918880270&s=612x612&w=0&h=bDcgr9jhiRYCPMUhVdLKD5ouIc5daM4qMcaPPapppQI=
" Ghana can't beat Nigeria in World Cup qualifier, says Ghanaian lawmaker ",https://punchng.com/ghana-cant-beat-nigeria-in-world-cup-qualifier-says-ghanaian-lawmaker/,0,https://media.istockphoto.com/vectors/news-vector-id918880270?k=20&m=918880270&s=612x612&w=0&h=bDcgr9jhiRYCPMUhVdLKD5ouIc5daM4qMcaPPapppQI=
 Reps minority caucus backs TI report on Nigeria ,https://punchng.com/reps-minority-caucus-backs-ti-report-on-nigeria/,0,https://media.istockphoto.com/vectors/news-vector-id918880270?k=20&m=918880270&s=612x612&w=0&h=bDcgr9jhiRYCPMUhVdLKD5ouIc5daM4qMcaPPapppQI=
 Bits Academy Nigeria gets NABTEB accreditation ,https://punchng.com/bits-academy-nigeria-gets-nabteb-accreditation/,0,https://media.istockphoto.com/vectors/news-vector-id918880270?k=20&m=918880270&s=612x612&w=0&h=bDcgr9jhiRYCPMUhVdLKD5ouIc5daM4qMcaPPapppQI=
 Binatone launches new products in Nigeria ,https://punchng.com/binatone-launches-new-products-in-nigeria/,0,https://media.istockphoto.com/vectors/news-vector-id918880270?k=20&m=918880270&s=612x612&w=0&h=bDcgr9jhiRYCPMUhVdLKD5ouIc5daM4qMcaPPapppQI=
" LCCI, CABC seek to strengthen Nigeria-China economic ties ",https://punchng.com/lcci-cabc-seek-to-strengthen-nigeria-china-economic-ties/,0,https://media.istockphoto.com/vectors/news-vector-id918880270?k=20&m=918880270&s=612x612&w=0&h=bDcgr9jhiRYCPMUhVdLKD5ouIc5daM4qMcaPPapppQI=
" Waldrum calls up Plumptre, Alozie 33 others for Ivory Coast clash ",https://punchng.com/waldrum-calls-up-plumptre-alozie-33-others-for-ivory-coast-clash/,0,https://media.istockphoto.com/vectors/news-vector-id918880270?k=20&m=918880270&s=612x612&w=0&h=bDcgr9jhiRYCPMUhVdLKD5ouIc5daM4qMcaPPapppQI=
 APC chairmanship: CSOs tackle Sani Musa over anti-social media bill ,https://punchng.com/apc-chairmanship-csos-tackle-senator-sani-musa-over-anti-social-media-bill/,0,https://media.istockphoto.com/vectors/news-vector-id918880270?k=20&m=918880270&s=612x612&w=0&h=bDcgr9jhiRYCPMUhVdLKD5ouIc5daM4qMcaPPapppQI=
" NBA Africa, Hennessy to host lifestyle event in Lagos ",https://punchng.com/nba-africa-hennessy-to-host-lifestyle-event-in-lagos/,0,https://media.istockphoto.com/vectors/news-vector-id918880270?k=20&m=918880270&s=612x612&w=0&h=bDcgr9jhiRYCPMUhVdLKD5ouIc5daM4qMcaPPapppQI=
 Barty to meet Collins in Australian Open final ,https://punchng.com/barty-to-meet-collins-in-australian-open-final/,0,https://media.istockphoto.com/vectors/news-vector-id918880270?k=20&m=918880270&s=612x612&w=0&h=bDcgr9jhiRYCPMUhVdLKD5ouIc5daM4qMcaPPapppQI=
" North-West APC legislators endorse Bello for 2023 presidency, back Buhari ",https://punchng.com/north-west-apc-legislators-endorse-bello-for-2023-presidency-back-buhari/,0,https://media.istockphoto.com/vectors/news-vector-id918880270?k=20&m=918880270&s=612x612&w=0&h=bDcgr9jhiRYCPMUhVdLKD5ouIc5daM4qMcaPPapppQI=
" Buhari-led APC has surpassed US in terms of infrastructure, says Fashola ",https://punchng.com/buhari-led-apc-has-surpassed-us-in-terms-of-infrastructure-says-fashola/,0,https://media.istockphoto.com/vectors/news-vector-id918880270?k=20&m=918880270&s=612x612&w=0&h=bDcgr9jhiRYCPMUhVdLKD5ouIc5daM4qMcaPPapppQI=
"FG unveils NIPOST’s debit card, banking platform, courier vehicles",https://punchng.com/fg-unveils-niposts-debit-card-banking-platform-courier-vehicles/,0,https://media.istockphoto.com/vectors/news-vector-id918880270?k=20&m=918880270&s=612x612&w=0&h=bDcgr9jhiRYCPMUhVdLKD5ouIc5daM4qMcaPPapppQI=
 We remain prepared to support serious investors - Buhari ,https://punchng.com/we-remain-prepared-to-support-serious-investors-buhari/,0,https://media.istockphoto.com/vectors/news-vector-id918880270?k=20&m=918880270&s=612x612&w=0&h=bDcgr9jhiRYCPMUhVdLKD5ouIc5daM4qMcaPPapppQI=
 2023 presidency: Northern group seeks support for Umahi ,https://punchng.com/2023-presidency-northern-group-seeks-support-for-umahi/,0,https://media.istockphoto.com/vectors/news-vector-id918880270?k=20&m=918880270&s=612x612&w=0&h=bDcgr9jhiRYCPMUhVdLKD5ouIc5daM4qMcaPPapppQI=
Liverpool favourites to sign Porto's Diaz -Report,https://punchng.com/liverpool-favourites-to-sign-portos-diaz-report/,0,https://media.istockphoto.com/vectors/news-vector-id918880270?k=20&m=918880270&s=612x612&w=0&h=bDcgr9jhiRYCPMUhVdLKD5ouIc5daM4qMcaPPapppQI=
Osun 2022: Ex-gov Akande gifts Oyetola horse to symbolise support,https://punchng.com/osun-2022-ex-gov-akande-gifts-oyetola-horse-to-symbolise-support/,0,https://media.istockphoto.com/vectors/news-vector-id918880270?k=20&m=918880270&s=612x612&w=0&h=bDcgr9jhiRYCPMUhVdLKD5ouIc5daM4qMcaPPapppQI=
 Fayose seeks Makinde’s support to win Ekiti governorship ,https://punchng.com/fayose-seeks-makindes-support-to-win-ekiti-governorship/,0,https://media.istockphoto.com/vectors/news-vector-id918880270?k=20&m=918880270&s=612x612&w=0&h=bDcgr9jhiRYCPMUhVdLKD5ouIc5daM4qMcaPPapppQI=
Tyson Fury vs Dillian Whyte heavyweight title fight confirmed,https://punchng.com/tyson-fury-vs-dillian-whyte-heavyweight-title-fight-confirmed/,0,https://media.istockphoto.com/vectors/news-vector-id918880270?k=20&m=918880270&s=612x612&w=0&h=bDcgr9jhiRYCPMUhVdLKD5ouIc5daM4qMcaPPapppQI=
" Osun 2022: PDP clears six aspirants, fixes primary for March 7 ",https://punchng.com/osun-2022-pdp-clears-six-aspirants-fixes-primary-for-march-7/,0,https://media.istockphoto.com/vectors/news-vector-id918880270?k=20&m=918880270&s=612x612&w=0&h=bDcgr9jhiRYCPMUhVdLKD5ouIc5daM4qMcaPPapppQI=
 APC primary: Fayemi declares Thursday work-free day for Ekiti schools ,https://punchng.com/apc-primary-fayemi-declares-thursday-work-free-day-for-ekiti-schools/,0,https://media.istockphoto.com/vectors/news-vector-id918880270?k=20&m=918880270&s=612x612&w=0&h=bDcgr9jhiRYCPMUhVdLKD5ouIc5daM4qMcaPPapppQI=
 NLNG gets Senate’s ultimatum on N18bn compensation for 73 Rivers communities ,https://punchng.com/nlng-gets-senates-ultimatum-on-n18bn-compensation-for-73-rivers-communities/,0,https://media.istockphoto.com/vectors/news-vector-id918880270?k=20&m=918880270&s=612x612&w=0&h=bDcgr9jhiRYCPMUhVdLKD5ouIc5daM4qMcaPPapppQI=
 Ekiti 2022: Fayemi calls for peaceful conduct as APC primary holds today ,https://punchng.com/ekiti-2022-fayemi-calls-for-peaceful-conduct-as-apc-primary-holds-today/,0,https://media.istockphoto.com/vectors/news-vector-id918880270?k=20&m=918880270&s=612x612&w=0&h=bDcgr9jhiRYCPMUhVdLKD5ouIc5daM4qMcaPPapppQI=
" Abia, Imo farm estates ready for inauguration –FG ",https://punchng.com/abia-imo-farm-estates-ready-for-inauguration-fg/,0,https://media.istockphoto.com/vectors/news-vector-id918880270?k=20&m=918880270&s=612x612&w=0&h=bDcgr9jhiRYCPMUhVdLKD5ouIc5daM4qMcaPPapppQI=
" APC primary: Seven Ekiti gov aspirants withdraw amid protest, call for cancellation ",https://punchng.com/apc-primary-seven-ekiti-gov-aspirants-withdraw-amid-protest-call-for-cancellation/,0,https://media.istockphoto.com/vectors/news-vector-id918880270?k=20&m=918880270&s=612x612&w=0&h=bDcgr9jhiRYCPMUhVdLKD5ouIc5daM4qMcaPPapppQI=
" Rivers votes N8.2bn for 10th flyover, eyes CBN’s N2.5bn for healthcare ",https://punchng.com/rivers-votes-n8-2bn-for-10th-flyover-eyes-cbns-n2-5bn-for-healthcare/,0,https://media.istockphoto.com/vectors/news-vector-id918880270?k=20&m=918880270&s=612x612&w=0&h=bDcgr9jhiRYCPMUhVdLKD5ouIc5daM4qMcaPPapppQI=
" Transfer: Tottenham in talks for Luis Diaz, Arsenal defender ",https://punchng.com/transfer-tottenham-in-talks-for-luis-diaz-arsenal-defender/,0,https://media.istockphoto.com/vectors/news-vector-id918880270?k=20&m=918880270&s=612x612&w=0&h=bDcgr9jhiRYCPMUhVdLKD5ouIc5daM4qMcaPPapppQI=
" US, Canada win to lead CONCACAF World Cup race ",https://punchng.com/us-canada-win-to-lead-concacaf-world-cup-race/,0,https://media.istockphoto.com/vectors/news-vector-id918880270?k=20&m=918880270&s=612x612&w=0&h=bDcgr9jhiRYCPMUhVdLKD5ouIc5daM4qMcaPPapppQI=
 Infantino under attack over African migrants comment ,https://punchng.com/infantino-under-attack-over-african-migrants-comment/,0,https://media.istockphoto.com/vectors/news-vector-id918880270?k=20&m=918880270&s=612x612&w=0&h=bDcgr9jhiRYCPMUhVdLKD5ouIc5daM4qMcaPPapppQI=
" Newcastle agree £30m for Lyon midfielder, Guimaraes ",https://punchng.com/newcastle-agree-30m-for-lyon-midfielder-guimaraes/,0,https://media.istockphoto.com/vectors/news-vector-id918880270?k=20&m=918880270&s=612x612&w=0&h=bDcgr9jhiRYCPMUhVdLKD5ouIc5daM4qMcaPPapppQI=
" Neymar meets Kanye West, gushes on Instagram ",https://punchng.com/neymar-meets-kanye-west-gushes-on-instagram/,0,https://media.istockphoto.com/vectors/news-vector-id918880270?k=20&m=918880270&s=612x612&w=0&h=bDcgr9jhiRYCPMUhVdLKD5ouIc5daM4qMcaPPapppQI=
 Barty crushes America's Keys to make Australian Open final ,https://punchng.com/barty-crushes-americas-keys-to-make-australian-open-final/,0,https://media.istockphoto.com/vectors/news-vector-id918880270?k=20&m=918880270&s=612x612&w=0&h=bDcgr9jhiRYCPMUhVdLKD5ouIc5daM4qMcaPPapppQI=
 Olympic champion Csollany who opposed vaccination dies of COVID-19 ,https://punchng.com/olympic-champion-csollany-who-opposed-vaccination-dies-of-covid-19/,0,https://media.istockphoto.com/vectors/news-vector-id918880270?k=20&m=918880270&s=612x612&w=0&h=bDcgr9jhiRYCPMUhVdLKD5ouIc5daM4qMcaPPapppQI=
"Zoning: Buhari will guide APC, says Gov Abiodun",https://punchng.com/zoning-buhari-will-guide-apc-says-gov-abiodun/,0,https://media.istockphoto.com/vectors/news-vector-id918880270?k=20&m=918880270&s=612x612&w=0&h=bDcgr9jhiRYCPMUhVdLKD5ouIc5daM4qMcaPPapppQI=
 Ekiti 2022: Ex-Gov Segun Oni's supporters reject PDP gov primary result ,https://punchng.com/ekiti-2022-ex-gov-segun-onis-supporters-reject-pdp-gov-primary-result/,0,https://media.istockphoto.com/vectors/news-vector-id918880270?k=20&m=918880270&s=612x612&w=0&h=bDcgr9jhiRYCPMUhVdLKD5ouIc5daM4qMcaPPapppQI=
" 2023 Presidency: Tinubu fit, not older than Biden, Trump –APC chieftain ",https://punchng.com/2023-presidency-tinubu-fit-not-older-than-biden-trump-apc-chieftain/,0,https://media.istockphoto.com/vectors/news-vector-id918880270?k=20&m=918880270&s=612x612&w=0&h=bDcgr9jhiRYCPMUhVdLKD5ouIc5daM4qMcaPPapppQI=
" Protest: Ekiti APC primary election not postponed, says party ",https://punchng.com/protest-ekiti-apc-primary-election-not-postponed-says-party/,0,https://media.istockphoto.com/vectors/news-vector-id918880270?k=20&m=918880270&s=612x612&w=0&h=bDcgr9jhiRYCPMUhVdLKD5ouIc5daM4qMcaPPapppQI=
 Watford fans doubt 24-year-old Kalu’s age ,https://punchng.com/watford-fans-doubt-24-year-old-kalus-age/,0,https://media.istockphoto.com/vectors/news-vector-id918880270?k=20&m=918880270&s=612x612&w=0&h=bDcgr9jhiRYCPMUhVdLKD5ouIc5daM4qMcaPPapppQI=
" As leader, Ugwuanyi has right to choose successor, says Nnamani ",https://punchng.com/as-leader-ugwuanyi-has-right-to-choose-successor-says-nnamani/,0,https://media.istockphoto.com/vectors/news-vector-id918880270?k=20&m=918880270&s=612x612&w=0&h=bDcgr9jhiRYCPMUhVdLKD5ouIc5daM4qMcaPPapppQI=
 Ex-Wema Bank staff to hold first reunion ,https://punchng.com/ex-wema-bank-staff-to-hold-first-reunion/,0,https://media.istockphoto.com/vectors/news-vector-id918880270?k=20&m=918880270&s=612x612&w=0&h=bDcgr9jhiRYCPMUhVdLKD5ouIc5daM4qMcaPPapppQI=
" APC aspirants allege fraud, Fayemi’s ex-SSG wins Ekiti gov primary ",https://punchng.com/apc-aspirants-allege-fraud-fayemis-ex-ssg-wins-ekiti-gov-primary/,0,https://media.istockphoto.com/vectors/news-vector-id918880270?k=20&m=918880270&s=612x612&w=0&h=bDcgr9jhiRYCPMUhVdLKD5ouIc5daM4qMcaPPapppQI=
I am not contesting senatorial seat –Bisi Fayemi,https://punchng.com/i-am-not-contesting-senatorial-seat-bisi-fayemi/,0,https://media.istockphoto.com/vectors/news-vector-id918880270?k=20&m=918880270&s=612x612&w=0&h=bDcgr9jhiRYCPMUhVdLKD5ouIc5daM4qMcaPPapppQI=
" 2023 Presidency: Atiku is PDP winning card, says party chieftain ",https://punchng.com/2023-presidency-atiku-is-pdp-winning-card-says-party-chieftain/,0,https://media.istockphoto.com/vectors/news-vector-id918880270?k=20&m=918880270&s=612x612&w=0&h=bDcgr9jhiRYCPMUhVdLKD5ouIc5daM4qMcaPPapppQI=
 Burkina Faso vs Tunisia: Burkina players target AFCON 'joy' for troubled nation ,https://punchng.com/burkina-faso-vs-tunisia-burkina-players-target-afcon-joy-for-troubled-nation/,0,https://media.istockphoto.com/vectors/news-vector-id918880270?k=20&m=918880270&s=612x612&w=0&h=bDcgr9jhiRYCPMUhVdLKD5ouIc5daM4qMcaPPapppQI=
 Vlahovic arrives at Juventus for medical ahead of transfer ,https://punchng.com/vlahovic-arrives-at-juventus-for-medical-ahead-of-transfer/,0,https://media.istockphoto.com/vectors/news-vector-id918880270?k=20&m=918880270&s=612x612&w=0&h=bDcgr9jhiRYCPMUhVdLKD5ouIc5daM4qMcaPPapppQI=
"We’ll challenge Fayemi man’s emergence as APC candidate –Adeyeye, Ojo",https://punchng.com/well-challenge-fayemi-mans-emergence-as-apc-candidate-adeyeye-ojo/,0,https://media.istockphoto.com/vectors/news-vector-id918880270?k=20&m=918880270&s=612x612&w=0&h=bDcgr9jhiRYCPMUhVdLKD5ouIc5daM4qMcaPPapppQI=
 Second term: What I will do before making my decision known –Sanwo-Olu ,https://punchng.com/second-term-what-i-will-do-before-making-my-decision-known-sanwo-olu/,0,https://media.istockphoto.com/vectors/news-vector-id918880270?k=20&m=918880270&s=612x612&w=0&h=bDcgr9jhiRYCPMUhVdLKD5ouIc5daM4qMcaPPapppQI=
World Cup playoffs: Rohr may lead Ghana against Nigeria,https://punchng.com/world-cup-playoffs-rohr-may-lead-ghana-against-nigeria/,0,https://media.istockphoto.com/vectors/news-vector-id918880270?k=20&m=918880270&s=612x612&w=0&h=bDcgr9jhiRYCPMUhVdLKD5ouIc5daM4qMcaPPapppQI=
 2023: Tinubu jets out of Nigeria weeks after declaring presidential ambition ,https://punchng.com/2023-tinubu-jets-out-of-nigeria-weeks-after-declaring-presidential-ambition/,0,https://media.istockphoto.com/vectors/news-vector-id918880270?k=20&m=918880270&s=612x612&w=0&h=bDcgr9jhiRYCPMUhVdLKD5ouIc5daM4qMcaPPapppQI=
" Borno inaugurates construction of N11.5bn bridges, eight roads ",https://punchng.com/borno-inaugurates-construction-of-n11-5bn-bridges-eight-roads/,0,https://media.istockphoto.com/vectors/news-vector-id918880270?k=20&m=918880270&s=612x612&w=0&h=bDcgr9jhiRYCPMUhVdLKD5ouIc5daM4qMcaPPapppQI=
" FG faults ban as UAE lifts travel suspension on Nigeria, others ",https://punchng.com/fg-faults-ban-as-uae-lifts-travel-suspension-on-nigeria-others/,0,https://media.istockphoto.com/vectors/news-vector-id918880270?k=20&m=918880270&s=612x612&w=0&h=bDcgr9jhiRYCPMUhVdLKD5ouIc5daM4qMcaPPapppQI=
